,City,Latitude,Longitude,Max Temp,Humidity,Cloudiness,Wind Speed,Country,Date
0,Ushuaia,-54.8,-68.3,9.0,76,75,10.29,AR,1616325584
1,Saint-Philippe,-21.36,55.77,28.0,78,75,9.77,RE,1616325584
2,Qaanaaq,77.48,-69.36,-23.46,96,94,0.63,GL,1616325584
3,Mar del Plata,-38.0,-57.56,16.67,77,75,5.66,AR,1616325584
4,Port Elizabeth,-33.92,25.57,22.0,56,20,8.23,ZA,1616325585
5,Bartica,6.4,-58.62,23.0,88,20,0.73,GY,1616325586
6,Bredasdorp,-34.53,20.04,24.0,46,62,6.17,ZA,1616325586
7,Kidal,18.44,1.41,33.94,8,30,1.15,ML,1616325563
8,Port Alfred,-33.59,26.89,19.83,74,42,9.46,ZA,1616325587
9,Naryan-Mar,67.67,53.09,-9.71,90,64,4.71,RU,1616325588
10,Busselton,-33.65,115.33,22.78,69,40,2.24,AU,1616325588
11,Longyearbyen,78.22,15.64,-9.0,73,75,8.75,SJ,1616325588
12,Hermanus,-34.42,19.23,23.33,59,36,2.24,ZA,1616325588
13,Tobane,-21.95,27.9,30.0,58,20,4.63,BW,1616325589
14,Aripuanã,-9.17,-60.63,21.65,99,100,0.82,BR,1616325589
15,Tasiilaq,65.61,-37.64,-1.0,100,90,9.26,GL,1616325589
16,Cape Town,-33.93,18.42,26.0,34,0,6.69,ZA,1616325503
17,Diapaga,12.07,1.79,38.98,16,41,2.38,BF,1616325590
18,Saint-Joseph,-21.37,55.62,28.0,78,75,9.77,RE,1616325590
19,Kruisfontein,-34.0,24.73,21.11,61,85,3.13,ZA,1616325590
20,Jamestown,-15.94,-5.72,21.04,77,6,8.01,SH,1616325590
21,Porto Novo,17.02,-25.06,23.0,60,40,8.75,CV,1616325591
22,Rio Grande,-32.03,-52.1,21.67,99,100,3.95,BR,1616325591
23,Siyabuswa,-25.11,29.04,30.8,32,10,3.11,ZA,1616325592
24,Caravelas,-17.71,-39.25,25.67,85,64,3.28,BR,1616325592
25,Hithadhoo,-0.6,73.08,28.53,75,43,5.23,MV,1616325593
26,Vardø,70.37,31.11,-2.0,74,20,8.75,NO,1616325593
27,Dikson,73.51,80.55,-26.63,70,0,4.07,RU,1616325593
28,Boueni,-12.9,45.08,30.0,74,75,4.63,YT,1616325593
29,Pandamatenga,-18.53,25.63,29.0,48,0,4.63,BW,1616325594
30,Pedernales,18.04,-71.74,23.63,67,0,2.23,DO,1616325594
31,Upernavik,72.79,-56.15,-26.52,98,100,4.61,GL,1616325594
32,Saldanha,-33.01,17.94,28.0,24,0,3.09,ZA,1616325594
33,Albany,-35.02,117.89,22.0,73,39,3.09,AU,1616325595
34,Oleksandrivka,48.96,32.23,4.5,45,27,4.65,UA,1616325595
35,Taltal,-25.4,-70.48,17.32,79,11,0.91,CL,1616325595
36,Acaraú,-2.89,-40.12,26.37,79,79,3.63,BR,1616325596
37,Cidreira,-30.18,-50.21,22.94,92,100,2.38,BR,1616325597
38,Torbay,47.67,-52.73,-3.89,80,75,3.09,CA,1616325597
39,Ostrovnoy,68.05,39.51,-3.91,87,100,1.74,RU,1616325598
40,Kilindoni,-7.91,39.67,28.81,70,77,2.19,TZ,1616325599
41,Hambantota,6.12,81.12,30.0,79,40,3.6,LK,1616325599
42,Georgetown,-7.93,-14.42,26.05,78,53,7.67,SH,1616325600
43,Karibib,-21.93,15.83,28.64,42,56,2.67,NA,1616325600
44,Mitsamiouli,-11.38,43.28,31.0,66,75,4.12,KM,1616325600
45,Cassilândia,-19.11,-51.73,23.11,84,66,0.76,BR,1616325601
46,Minna,9.61,6.56,36.07,34,71,2.36,NG,1616325529
47,Souillac,-20.52,57.52,29.0,74,40,5.66,MU,1616325602
48,Mariestad,58.71,13.82,5.56,38,20,8.23,SE,1616325602
49,Antofagasta,-23.65,-70.4,15.0,88,0,1.54,CL,1616325602
50,Iqaluit,63.75,-68.51,-30.0,69,20,2.74,CA,1616325601
51,Sur,22.57,59.53,29.47,43,0,3.56,OM,1616325603
52,Arrondissement de Cambrai,50.17,3.42,9.0,66,90,7.2,FR,1616325603
53,Arraial do Cabo,-22.97,-42.03,27.0,78,20,5.14,BR,1616325603
54,Novy Urengoy,66.08,76.63,-16.8,94,100,5.68,RU,1616325604
55,Husavik,66.04,-17.34,9.0,61,75,11.32,IS,1616325604
56,São Geraldo do Araguaia,-6.4,-48.55,24.24,89,29,0.05,BR,1616325604
57,Pangnirtung,66.15,-65.71,-28.1,91,25,1.47,CA,1616325605
58,Gamba,-2.65,10.0,28.27,67,97,1.4,GA,1616325605
59,Salalah,17.02,54.09,30.0,62,0,5.66,OM,1616325605
60,Qom,34.64,50.88,19.3,14,50,1.15,IR,1616325605
61,Ponta do Sol,17.2,-25.09,23.0,60,40,8.75,CV,1616325606
62,Chapais,49.78,-74.85,-1.0,59,1,3.6,CA,1616325606
63,Margate,-30.86,30.37,23.91,70,28,10.19,ZA,1616325606
64,Gari,59.43,62.35,-4.19,85,97,2.54,RU,1616325606
65,Cap Malheureux,-19.98,57.61,29.44,74,9,4.02,MU,1616325606
66,Vangaindrano,-23.35,47.6,27.9,73,65,3.82,MG,1616325607
67,Victoria,-4.62,55.45,32.0,58,20,4.63,SC,1616325607
68,Koungou,-12.73,45.2,30.0,74,75,4.63,YT,1616325607
69,Lüderitz,-26.65,15.16,25.56,53,0,9.07,NA,1616325606
70,Mossamedes,-15.2,12.15,25.47,71,82,4.31,AO,1616325608
71,Abū Zabad,12.35,29.25,39.74,10,100,5.17,SD,1616325608
72,Nanortalik,60.14,-45.24,-3.76,82,100,11.8,GL,1616325608
73,Qasigiannguit,68.82,-51.19,-8.0,73,75,6.69,GL,1616325609
74,Toamasina,-18.17,49.38,31.0,66,40,4.12,MG,1616325609
75,Kirkland Lake,48.14,-80.04,-1.0,69,0,3.63,CA,1616325609
76,Porto Velho,-8.76,-63.9,24.0,94,90,1.54,BR,1616325405
77,Merowe,18.48,31.82,41.64,5,0,8.72,SD,1616325610
78,Dingle,52.14,-10.27,9.0,87,90,1.03,IE,1616325610
79,Port Said,31.26,32.28,21.0,49,0,6.17,EG,1616325610
80,Brae,60.4,-1.35,7.0,81,90,7.2,GB,1616325611
81,Port-Gentil,-0.72,8.78,29.0,84,40,3.09,GA,1616325611
82,Ozinki,51.18,49.68,-2.19,89,83,3.61,RU,1616325613
83,East London,-33.02,27.91,21.0,68,20,8.23,ZA,1616325613
84,Kavaratti,10.57,72.64,28.64,66,4,3.02,IN,1616325529
85,Kuruman,-27.45,23.43,27.22,53,0,2.38,ZA,1616325613
86,Amudat,1.95,34.95,31.3,30,78,9.19,UG,1616325614
87,Narsaq,60.92,-46.05,-4.0,80,90,5.66,GL,1616325614
88,Zonguldak,41.25,31.83,5.7,92,100,1.64,TR,1616325614
89,Olafsvik,64.89,-23.71,5.96,80,100,14.51,IS,1616325614
90,Bosaso,11.28,49.18,29.02,47,61,4.88,SO,1616325614
91,Nastola,60.95,25.93,2.0,69,75,7.2,FI,1616325615
92,Ilulissat,69.22,-51.1,-8.0,73,75,6.69,GL,1616325615
93,Korem,12.51,39.52,20.98,20,92,6.45,ET,1616325615
94,Goiás,-15.58,-49.64,20.82,88,1,2.01,BR,1616325615
95,Inírida,3.87,-67.92,22.7,94,100,0.54,CO,1616325616
96,Sisimiut,66.94,-53.67,-11.89,95,93,7.49,GL,1616325616
97,Dolores,-36.31,-57.68,12.42,92,0,4.3,AR,1616325616
98,Umluj,25.02,37.27,31.34,31,0,6.2,SA,1616325618
99,Los Llanos de Aridane,28.66,-17.92,20.0,60,75,6.17,ES,1616325618
100,Iberia,-11.35,-69.58,21.09,99,100,0.4,PE,1616325618
101,Punta Arenas,-53.15,-70.92,10.0,66,40,9.26,CL,1616325618
102,Marfino,55.7,37.38,1.0,51,0,8.0,RU,1616325619
103,Ancud,-41.87,-73.82,7.22,86,0,3.13,CL,1616325619
104,Bambous Virieux,-20.34,57.76,29.44,74,40,5.66,MU,1616325619
105,Piaçabuçu,-10.41,-36.43,27.5,71,55,4.7,BR,1616325619
106,Tazovsky,67.47,78.7,-18.72,89,100,7.07,RU,1616325620
107,Manakara,-22.13,48.02,28.53,64,32,3.83,MG,1616325620
108,Adrar,25.75,-1.0,23.05,21,0,9.73,DZ,1616325620
109,Andenes,69.31,16.12,-0.56,80,75,13.38,NO,1616325620
110,Dubovskoye,47.41,42.76,5.6,63,77,4.29,RU,1616325620
111,Saint George,32.38,-64.68,18.33,88,90,7.72,BM,1616325621
112,Grand Gaube,-20.01,57.66,29.44,74,13,4.02,MU,1616325622
113,Thika,-1.03,37.07,24.0,60,75,5.14,KE,1616325622
114,Plácido de Castro,-10.34,-67.19,21.67,98,97,0.23,BR,1616325622
115,Karaman Province,37.08,33.25,15.46,38,0,7.68,TR,1616325622
116,Bogatynia,50.91,14.96,3.89,90,100,2.68,PL,1616325622
117,Maceió,-9.67,-35.74,25.0,88,75,1.54,BR,1616325623
118,Rabo de Peixe,37.8,-25.58,15.0,77,75,4.12,PT,1616325623
119,Den Helder,52.96,4.76,7.22,65,90,6.17,NL,1616325623
120,Maturin,9.75,-63.18,20.73,93,47,1.86,VE,1616325623
121,Ubari,26.59,12.78,30.94,6,0,9.84,LY,1616325624
122,Belmonte,-15.86,-38.88,26.0,78,75,5.66,BR,1616325624
123,Boa Vista,2.82,-60.67,24.0,73,0,4.12,BR,1616325625
124,Vila Franca do Campo,37.72,-25.43,15.0,77,75,4.12,PT,1616325625
125,Khanbari,27.37,87.2,27.49,21,24,0.73,NP,1616325625
126,Ugoofaaru,5.67,73.0,28.72,69,97,3.6,MV,1616325625
127,Carinhanha,-14.3,-43.77,22.83,74,0,3.08,BR,1616325626
128,Kisangani,0.52,25.2,21.61,98,100,1.66,CD,1616325626
129,Chui,-33.7,-53.46,20.61,93,100,4.84,UY,1616325626
130,Bakchar,57.02,82.07,0.46,82,100,6.09,RU,1616325626
131,Killybegs,54.63,-8.45,9.44,81,90,3.09,IE,1616325627
132,Praia da Vitória,38.73,-27.07,16.67,72,90,5.18,PT,1616325627
133,Klaksvík,62.23,-6.59,7.0,81,75,6.17,FO,1616325627
134,Madimba,-10.4,40.33,26.0,83,75,7.72,TZ,1616325628
135,Manicoré,-5.81,-61.3,21.63,98,100,1.13,BR,1616325628
136,Leh,34.17,77.58,3.29,38,36,1.6,IN,1616325628
137,Henties Bay,-22.12,14.28,18.89,82,9,2.68,NA,1616325629
138,Comodoro Rivadavia,-45.87,-67.5,13.0,62,0,3.6,AR,1616325629
139,Ati,13.22,18.34,41.44,6,84,7.5,TD,1616325629
140,Richmond,-29.87,30.27,23.89,76,74,2.5,ZA,1616325629
141,Valparaíso,-33.04,-71.63,14.44,87,0,2.06,CL,1616325629
142,Stafford,52.81,-2.12,10.56,71,99,0.45,GB,1616325630
143,Escanaba,45.75,-87.06,2.0,75,1,3.6,US,1616325630
144,Coyhaique,-45.58,-72.07,3.0,81,0,3.6,CL,1616325630
145,Corning,42.14,-77.05,0.56,86,1,1.19,US,1616325630
146,Östersund,63.18,14.64,0.0,64,75,11.32,SE,1616325631
147,Bilma,18.69,12.92,38.5,5,59,7.74,NE,1616325631
148,Touros,-5.2,-35.46,27.0,74,20,4.12,BR,1616325631
149,Constantine,36.37,6.61,5.0,81,75,8.23,DZ,1616325632
150,Kasongo-Lunda,-6.47,16.82,30.78,57,100,0.97,CD,1616325632
151,Talcahuano,-36.72,-73.12,9.0,93,0,2.06,CL,1616325633
152,Berezayka,57.99,33.9,-0.28,83,100,5.72,RU,1616325633
153,Shelburne,44.08,-80.2,1.0,86,1,3.27,CA,1616325633
154,Ribeira Grande,38.52,-28.7,17.0,77,75,6.69,PT,1616325633
155,Bumba,2.18,22.47,21.86,98,100,1.08,CD,1616325633
156,Diré,12.28,-10.97,36.94,11,86,2.48,ML,1616325634
157,Aracaju,-10.91,-37.07,29.0,61,40,5.66,BR,1616325634
158,Port Hawkesbury,45.62,-61.35,2.0,60,1,3.6,CA,1616325634
159,Suez,29.97,32.53,32.17,21,62,3.86,EG,1616325634
160,Qena,26.16,32.72,37.0,16,0,1.54,EG,1616325635
161,Laguna,-28.48,-48.78,25.56,69,100,4.34,BR,1616325635
162,Muli,2.92,73.57,28.58,68,18,4.01,MV,1616325636
163,Berbera,10.44,45.01,27.91,55,12,4.94,SO,1616325636
164,Clyde River,70.47,-68.59,-26.0,76,90,8.23,CA,1616325636
165,Zaragoza,41.66,-0.88,11.0,40,0,11.32,ES,1616325636
166,Qaqortoq,60.72,-46.03,-4.0,80,90,5.66,GL,1616325637
167,Mantua,22.29,-84.28,18.66,82,36,2.79,CU,1616325637
168,São Filipe,14.9,-24.5,22.77,65,98,3.69,CV,1616325638
169,Bahía Solano,6.23,-77.4,24.47,87,78,1.77,CO,1616325638
170,Coquimbo,-29.95,-71.34,14.0,67,0,1.18,CL,1616325639
171,Guantánamo,20.14,-75.21,23.0,88,75,3.09,CU,1616325498
172,Arrondissement de Dieppe,49.75,1.17,10.0,81,90,5.14,FR,1616325640
173,Ludvika,60.15,15.19,5.0,38,90,9.77,SE,1616325640
174,Buraidah,26.33,43.98,34.0,20,0,3.6,SA,1616325640
175,Sarh,9.14,18.39,36.0,34,0,5.14,TD,1616325640
176,Igarka,67.47,86.58,-18.12,70,100,8.43,RU,1616325641
177,Taoudenni,22.68,-3.98,27.61,15,0,8.12,ML,1616325641
178,Channel-Port aux Basques,47.57,-59.14,-1.65,84,58,2.5,CA,1616325641
179,Hofn,64.25,-15.21,5.63,83,100,6.31,IS,1616325641
180,Jinka,5.65,36.65,30.3,33,13,2.0,ET,1616325642
181,Bondoukou,8.03,-2.8,30.33,58,76,3.02,CI,1616325642
182,Janfida,40.04,44.02,14.0,38,75,10.29,AM,1616325642
183,Honningsvåg,70.98,25.97,-0.8,68,100,13.99,NO,1616325642
184,Prainha,-1.8,-53.48,23.15,95,18,1.19,BR,1616325643
185,Chicama,-7.84,-79.15,21.76,73,89,0.84,PE,1616325643
186,Knysna,-34.04,23.05,18.0,77,75,3.6,ZA,1616325643
187,Carutapera,-1.2,-46.02,24.92,90,80,1.77,BR,1616325643
188,Panama City,30.16,-85.66,9.0,66,1,3.09,US,1616325643
189,Kirkwood,-33.4,25.44,22.0,56,20,8.23,ZA,1616325644
190,Mīnāb,27.15,57.08,29.0,45,20,9.26,IR,1616325644
191,Ambilobe,-13.2,49.05,31.74,60,0,1.88,MG,1616325645
192,Rio do Sul,-27.21,-49.64,25.56,87,97,0.29,BR,1616325645
193,Abancay,-13.63,-72.88,12.69,94,100,0.52,PE,1616325645
194,Plettenberg Bay,-34.05,23.37,18.94,67,83,2.39,ZA,1616325645
195,Kangaatsiaq,68.31,-53.46,-15.55,95,100,7.03,GL,1616325646
196,Vila do Maio,15.13,-23.22,23.0,60,40,8.23,CV,1616325646
197,Vestmannaeyjar,63.44,-20.27,7.0,93,75,9.77,IS,1616325646
198,Vila Velha,-20.33,-40.29,26.67,88,40,2.06,BR,1616325646
199,Kalmunai,7.42,81.82,28.14,76,100,4.29,LK,1616325647
200,Methóni,36.82,21.7,19.0,63,40,4.63,GR,1616325647
201,Mazyr,52.05,29.25,1.59,38,98,7.39,BY,1616325647
202,Sinnamary,5.38,-52.95,25.47,86,33,3.21,GF,1616325647
203,Sechura,-5.56,-80.82,23.54,73,98,3.91,PE,1616325648
204,Santiago del Estero,-27.8,-64.26,18.07,81,18,2.68,AR,1616325648
205,Cockburn Town,21.46,-71.14,24.57,78,24,6.98,TC,1616325649
206,Butler,39.45,-84.57,2.78,93,1,2.02,US,1616325649
207,Mahébourg,-20.41,57.7,29.0,74,40,5.66,MU,1616325649
208,San Cristobal,-0.9,-89.62,26.05,74,60,1.83,EC,1616325649
209,Matara,5.95,80.54,27.98,80,83,2.66,LK,1616325650
210,Nyakahanga,-1.6,31.14,25.23,52,88,2.49,TZ,1616325650
211,Dhidhdhoo,6.88,73.1,28.95,69,91,4.04,MV,1616325473
212,Nizhniy Baskunchak,48.22,46.83,2.35,87,98,1.82,RU,1616325650
213,Carnarvon,-30.97,22.13,23.81,31,0,2.21,ZA,1616325650
214,Francisco Beltrão,-26.08,-53.05,20.92,96,100,1.71,BR,1616325651
215,Goundam,16.41,-3.67,33.84,8,38,3.75,ML,1616325651
216,Sayyan,15.17,44.32,22.08,9,5,7.28,YE,1616325652
217,Inyonga,-6.72,32.07,28.36,48,40,2.57,TZ,1616325652
218,Ankara,39.92,32.85,13.89,76,75,2.57,TR,1616325652
219,Kosonsoy,41.26,71.55,15.0,51,40,1.03,UZ,1616325653
220,Walvis Bay,-22.96,14.51,20.0,64,22,5.66,NA,1616325653
221,Murray,40.67,-111.89,0.56,100,40,1.0,US,1616325653
222,Khunti,23.08,85.28,31.0,35,75,3.09,IN,1616325653
223,Porbandar,21.64,69.61,30.17,50,0,9.35,IN,1616325494
224,Obo,5.4,26.49,25.61,72,94,1.39,CF,1616325654
225,Quatre Cocos,-20.21,57.76,29.44,74,40,5.66,MU,1616325654
226,Werda,-25.27,23.28,22.51,57,98,1.7,BW,1616325654
227,Abay,49.63,72.85,2.0,75,0,8.0,KZ,1616325656
228,New Bern,35.11,-77.04,8.89,93,75,5.66,US,1616325656
229,Thompson,55.74,-97.86,-7.0,93,20,1.15,CA,1616325656
230,Valkeala,60.94,26.8,2.0,69,75,7.2,FI,1616325657
231,Cáceres,-16.07,-57.68,23.49,93,85,0.98,BR,1616325657
232,Abu Dhabi,24.47,54.37,29.0,23,0,8.75,AE,1616325592
233,Mayumba,-3.43,10.66,28.3,69,100,1.5,GA,1616325657
234,Shahr-e Bābak,30.12,55.12,18.98,8,0,6.81,IR,1616325657
235,Quryq,43.2,51.65,8.43,60,88,2.96,KZ,1616325658
236,Río Grande,-14.52,-75.2,20.92,72,98,0.52,PE,1616325658
237,Cabedelo,-6.98,-34.83,27.0,83,20,3.6,BR,1616325658
238,Presidencia Roque Sáenz Peña,-26.79,-60.44,18.89,95,100,0.89,AR,1616325658
239,Pimentel,-6.84,-79.93,21.11,88,95,0.45,PE,1616325659
240,Shache,38.42,77.24,13.44,18,100,4.13,CN,1616325659
241,Porto Belo,-27.16,-48.55,27.22,94,75,2.57,BR,1616325659
242,Camacha,33.08,-16.33,16.0,51,75,6.69,PT,1616325659
243,Lebu,-37.62,-73.65,12.3,72,1,1.73,CL,1616325659
244,Kajaani,64.23,27.73,0.0,80,90,7.72,FI,1616325660
245,Esim,4.87,-2.24,29.96,67,33,3.04,GH,1616325660
246,Terra Santa,-2.1,-56.49,23.55,96,67,0.46,BR,1616325661
247,Rawson,-43.3,-65.1,13.44,77,0,5.43,AR,1616325662
248,Chatrā,24.22,84.87,32.0,33,75,3.09,IN,1616325662
249,Safonovo,55.15,33.22,-2.08,88,100,7.06,RU,1616325662
250,Mitú,1.2,-70.17,21.09,98,43,1.04,CO,1616325662
251,Trairi,-3.28,-39.27,25.33,84,100,3.12,BR,1616325663
252,Elizabeth City,36.29,-76.25,6.11,98,70,4.04,US,1616325663
253,Lar,27.66,54.32,28.0,13,0,9.77,IR,1616325663
254,Kalabo,-14.97,22.68,28.84,49,0,3.15,ZM,1616325663
255,Nurota,40.56,65.69,16.0,39,34,4.12,UZ,1616325664
256,Horta,38.53,-28.63,17.0,77,75,6.69,PT,1616325664
257,Villamontes,-21.25,-63.5,20.56,96,100,1.32,BO,1616325664
258,Kargat,55.2,80.28,0.18,91,98,8.01,RU,1616325664
259,Purgstall,48.06,15.13,1.67,69,100,2.68,AT,1616325664
260,Kormilovka,55.0,74.1,0.0,69,0,7.0,RU,1616325665
261,Saint-François,16.25,-61.27,21.0,94,0,6.11,GP,1616325665
262,Atar,20.52,-13.05,25.42,21,27,7.04,MR,1616325665
263,Lundazi,-12.29,33.18,25.3,75,53,1.65,ZM,1616325665
264,Cherëmukhovo,60.35,59.99,-2.54,72,67,2.52,RU,1616325666
265,Uusikaupunki,60.8,21.41,3.0,48,75,8.23,FI,1616325666
266,Estelle,29.85,-90.11,14.44,88,75,2.06,US,1616325666
267,Culebra,34.68,-105.77,6.11,39,1,6.69,US,1616325666
268,Grindavik,63.84,-22.43,7.0,81,75,13.38,IS,1616325666
269,Krasnosel'kup,65.7,82.47,-14.13,91,100,9.57,RU,1616325667
270,Mungaa,-4.97,34.88,25.65,47,17,3.99,TZ,1616325667
271,Adré,13.47,22.2,39.08,6,3,8.21,TD,1616325667
272,Mtambile,-5.38,39.7,30.81,57,46,1.19,TZ,1616325667
273,Tabuk,28.38,36.58,34.0,10,0,8.75,SA,1616325668
274,Uyskoye,54.38,60.0,-1.13,79,75,1.68,RU,1616325668
275,Lima,-23.88,-56.48,23.85,91,100,1.45,PY,1616325668
276,Is,58.79,59.72,-2.92,77,99,4.22,RU,1616325668
277,Garrel,52.95,8.02,7.78,72,99,4.92,DE,1616325668
278,Arlit,18.74,7.39,37.36,9,59,6.0,NE,1616325669
279,Mehrān,33.12,46.16,19.0,32,20,5.14,IR,1616325669
280,Kozhva,65.11,57.05,-5.67,84,100,3.11,RU,1616325669
281,El Batey,19.77,-70.52,21.11,100,40,3.31,DO,1616325669
282,East Brainerd,35.0,-85.15,5.0,87,40,0.88,US,1616325670
283,Oda,5.91,-1.0,32.76,49,56,2.04,GH,1616325670
284,Rocha,-34.48,-54.33,18.98,92,100,6.08,UY,1616325670
285,Morondava,-20.28,44.28,28.9,71,51,3.54,MG,1616325670
286,Kumëny,58.11,49.92,-4.83,81,98,5.02,RU,1616325671
287,Tiznit Province,29.58,-9.5,16.31,29,0,2.28,MA,1616325671
288,Angol,-37.8,-72.72,11.52,67,21,1.82,CL,1616325672
289,Río Gallegos,-51.62,-69.22,7.0,65,0,5.14,AR,1616325672
290,Doka,13.52,35.77,41.58,8,65,4.41,SD,1616325672
291,Huancayo,-12.07,-75.23,6.94,92,94,1.41,PE,1616325672
292,Geraldton,49.73,-86.95,4.0,52,20,5.14,CA,1616325673
293,Omboué,-1.57,9.26,27.64,73,100,0.85,GA,1616325673
294,Areia Branca,-4.96,-37.14,27.01,70,67,6.04,BR,1616325674
295,Mezen',65.85,44.24,-5.96,92,100,4.21,RU,1616325674
296,Kamenka,51.32,42.77,-0.91,99,100,3.07,RU,1616325674
297,Urucará,-2.54,-57.76,22.53,97,80,0.37,BR,1616325674
298,Balatonalmádi,47.04,18.02,3.89,36,0,0.89,HU,1616325675
299,Beyneu,45.32,55.2,5.85,60,99,4.19,KZ,1616325675
300,Carros,43.79,7.18,11.11,50,75,3.09,FR,1616325675
301,Câmara de Lobos,32.63,-16.97,17.0,55,40,8.75,PT,1616325675
302,Ponnampet,12.15,75.93,32.7,26,1,0.45,IN,1616325675
303,Gobabis,-22.45,18.97,26.98,40,29,4.38,NA,1616325605
304,Puerto Madryn,-42.77,-65.04,14.24,74,0,5.7,AR,1616325676
305,Pisco,-13.7,-76.22,19.0,77,0,2.06,PE,1616325676
306,Lagoa,39.05,-27.98,14.88,75,100,4.72,PT,1616325676
307,Paamiut,61.99,-49.67,-6.5,90,100,7.79,GL,1616325677
308,Talnakh,69.49,88.4,-22.77,63,61,3.08,RU,1616325677
309,Nosy Varika,-20.58,48.53,28.02,72,56,3.08,MG,1616325677
310,Dondo,-19.61,34.74,33.0,52,40,2.06,MZ,1616325677
311,Vilhena,-12.74,-60.15,20.02,98,97,1.24,BR,1616325677
312,Carnarvon,-24.87,113.63,29.0,61,0,5.14,AU,1616325467
313,Jimma,7.67,36.83,30.22,19,83,2.05,ET,1616325679
314,Hazorasp,41.32,61.07,14.0,44,40,2.06,UZ,1616325679
315,Pervomayskoye,43.92,46.71,9.47,46,100,2.48,RU,1616325680
316,Brazzaville,-4.27,15.28,27.0,69,20,4.12,CG,1616325680
317,Skorodnoye,51.07,37.23,2.0,55,40,6.0,RU,1616325680
318,Ous,60.91,61.52,-4.42,82,97,1.69,RU,1616325680
319,Béjar,40.39,-5.76,10.56,41,7,1.34,ES,1616325681
320,General Roca,-39.03,-67.58,11.0,66,0,1.54,AR,1616325681
321,Macomer,40.26,8.77,10.0,53,40,4.63,IT,1616325682
322,Dmitriyevka,54.75,55.33,-3.0,63,75,5.0,RU,1616325683
323,Oistins,13.07,-59.53,26.0,57,20,7.72,BB,1616325683
324,Siderno,38.28,16.3,12.22,87,90,5.14,IT,1616325684
325,Antalaha,-14.9,50.28,28.8,77,62,5.04,MG,1616325685
326,Kourou,5.16,-52.65,27.22,94,75,1.03,GF,1616325685
327,Pishin,30.58,67.0,22.46,16,16,5.29,PK,1616325686
328,Ishim,56.11,69.49,-2.15,86,91,5.3,RU,1616325686
329,Scarborough,11.18,-60.73,25.0,69,20,1.54,TT,1616325686
330,Mahon,39.89,4.27,10.0,53,75,8.75,ES,1616325686
331,Tanout,14.97,8.89,38.32,8,7,5.84,NE,1616325687
332,Nizwá,22.93,57.53,35.27,9,5,9.89,OM,1616325687
333,Soubre,5.79,-6.61,32.81,52,70,1.39,CI,1616325687
334,Teguise,29.06,-13.56,19.0,48,75,8.23,ES,1616325687
335,Road Town,18.42,-64.62,25.0,65,40,4.12,VG,1616325687
336,Lubango,-14.92,13.49,23.18,60,62,3.13,AO,1616325688
337,Iquitos,-3.75,-73.25,22.0,94,90,2.06,PE,1616325688
338,Maniitsoq,65.42,-52.9,-6.82,90,100,4.03,GL,1616325688
339,Durusu,41.31,28.68,7.0,87,75,6.69,TR,1616325688
340,Bafoulabé,13.81,-10.83,37.44,9,87,2.78,ML,1616325689
341,Jardim,-21.48,-56.14,22.73,93,86,0.95,BR,1616325689
342,Eišiškės,54.17,25.0,-0.56,86,90,6.17,LT,1616325689
343,Boquira,-12.82,-42.73,21.94,73,73,2.55,BR,1616325689
344,Cruzeiro do Sul,-29.51,-51.99,23.33,96,100,0.89,BR,1616325690
345,Upington,-28.45,21.26,29.0,42,40,0.51,ZA,1616325690
346,Esna,25.29,32.55,37.0,16,0,1.54,EG,1616325690
347,Kozhevnikovo,56.26,83.97,1.67,75,100,7.48,RU,1616325690
348,Yazman,29.12,71.74,36.98,11,100,5.88,PK,1616325690
349,Mehamn,71.04,27.85,-1.06,75,100,10.16,NO,1616325691
350,Mathathane,-22.27,28.75,31.33,35,0,3.05,BW,1616325691
351,Médéa,36.26,2.75,12.0,76,40,2.06,DZ,1616325691
352,Las Tunas,20.96,-76.95,21.0,94,0,2.06,CU,1616325691
353,Mitrofanovka,49.97,39.69,3.68,44,91,5.97,RU,1616325692
354,Agadez,19.75,10.25,36.06,7,88,6.44,NE,1616325692
355,Beloha,-25.17,45.05,36.0,30,1,2.68,MG,1616325692
356,Sondrio,46.17,9.87,10.0,31,7,2.11,IT,1616325692
357,Darnah,32.77,22.64,27.15,28,34,7.35,LY,1616325692
358,Dwārka,22.24,68.97,28.43,61,0,6.75,IN,1616325693
359,Goundi,9.36,17.37,41.02,19,100,1.78,TD,1616325693
360,Anjār,23.13,70.02,35.95,16,8,7.02,IN,1616325693
361,Mpongwe,-13.51,28.16,26.62,64,1,2.06,ZM,1616325693
362,Hornepayne,49.21,-84.77,2.19,68,3,5.85,CA,1616325694
363,Gur'yevsk,54.28,85.93,1.63,88,100,5.48,RU,1616325694
364,Ouro Fino,-22.28,-46.37,18.9,91,1,2.11,BR,1616325694
365,Aketi,2.74,23.78,24.01,86,100,2.23,CD,1616325694
366,Cururupu,-1.83,-44.87,25.78,85,98,0.94,BR,1616325695
367,Vestmanna,62.16,-7.17,7.0,81,75,6.17,FO,1616325695
368,Yar-Sale,66.83,70.83,-18.26,93,100,3.94,RU,1616325696
369,Halifax,44.65,-63.57,1.11,86,0,3.01,CA,1616325696
370,Lilongwe,-13.97,33.79,26.0,65,40,4.12,MW,1616325696
371,Yabrūd,33.97,36.66,25.0,14,0,3.09,SY,1616325697
372,Wilmington Island,32.0,-80.97,10.56,87,90,3.6,US,1616325697
373,Yukamenskoye,57.89,52.24,-5.03,80,100,5.26,RU,1616325698
374,Petukhovo,55.07,67.9,-2.67,89,63,4.48,RU,1616325698
375,Devrek,41.22,31.96,9.03,92,100,1.7,TR,1616325698
376,Usinsk,65.99,57.53,-8.1,90,98,4.44,RU,1616325698
377,Canto do Buriti,-8.11,-42.94,22.79,85,64,3.76,BR,1616325698
378,Altay,47.87,88.12,2.05,39,54,2.4,CN,1616325699
379,Teno,-34.87,-71.18,9.0,87,29,1.03,CL,1616325700
380,Hakkâri Province,37.58,44.17,9.0,46,75,4.12,TR,1616325700
381,Verāval,20.9,70.37,29.76,54,0,4.71,IN,1616325700
382,Nanyuki,0.02,37.07,22.53,60,68,2.34,KE,1616325700
383,Sakakah,29.97,40.21,33.0,9,0,10.29,SA,1616325701
384,Bathsheba,13.22,-59.52,26.0,57,20,7.72,BB,1616325701
385,Hamilton,32.29,-64.78,18.33,88,90,7.72,BM,1616325702
386,Thinadhoo,0.53,72.93,28.65,72,74,4.69,MV,1616325702
387,Moose Factory,51.26,-80.61,5.0,56,1,6.69,CA,1616325702
388,Saktī,22.03,82.97,37.83,11,4,3.09,IN,1616325611
389,Montepuez,-13.13,39.0,28.46,64,39,2.5,MZ,1616325703
390,Yarkovo,57.4,67.08,-2.95,85,99,4.38,RU,1616325703
391,Port-Cartier,50.03,-66.87,-8.0,85,75,1.8,CA,1616325704
392,Ahero,-0.17,34.92,28.0,44,75,2.57,KE,1616325705
393,Am Timan,11.03,20.28,39.02,17,100,5.12,TD,1616325706
394,Itarema,-2.92,-39.92,26.42,79,69,3.51,BR,1616325706
395,Pozoblanco,38.38,-4.85,13.0,35,0,3.6,ES,1616325706
396,Les Cayes,18.2,-73.75,22.19,85,25,1.4,HT,1616325706
397,Warrington,30.38,-87.28,10.56,66,1,3.6,US,1616325706
398,Benguela,-12.58,13.41,29.03,69,82,4.41,AO,1616325707
399,Bubaque,11.28,-15.83,23.57,58,73,4.73,GW,1616325707
400,Saint-Pierre,46.77,-56.17,-1.0,74,40,3.09,PM,1616325707
401,General Pico,-35.66,-63.76,11.94,64,0,1.87,AR,1616325709
402,Sidi Ali,36.1,0.42,11.18,57,2,8.46,DZ,1616325709
403,Lālpur,22.2,69.97,35.25,20,0,9.33,IN,1616325709
404,Lerwick,60.15,-1.15,7.0,81,90,7.2,GB,1616325709
405,Calatayud,41.35,-1.64,13.0,30,0,3.09,ES,1616325710
406,Langley Park,38.99,-76.98,3.33,75,20,2.06,US,1616325710
407,Castro,-42.47,-73.77,7.22,86,0,3.13,CL,1616325710
408,Barcelos,-0.97,-62.92,23.04,92,96,1.87,BR,1616325710
409,Baharly,38.44,57.43,17.94,30,100,1.78,TM,1616325711
410,Dhārchula,29.85,80.53,26.25,18,27,2.81,IN,1616325711
411,La Palma,8.4,-78.15,22.92,94,47,1.08,PA,1616325711
412,Gandorhun,7.5,-11.83,31.0,48,71,1.3,SL,1616325711
413,Koslan,63.46,48.9,-5.4,86,100,4.63,RU,1616325712
414,Narnaul,28.04,76.11,35.68,10,41,2.58,IN,1616325712
415,Conde,-7.26,-34.91,27.0,83,20,3.6,BR,1616325712
416,Manta,-0.95,-80.73,24.0,88,75,1.03,EC,1616325712
417,Palmeirais,-5.98,-43.06,24.51,91,62,1.93,BR,1616325713
418,Harlingen,53.17,5.42,7.78,76,90,9.26,NL,1616325713
419,Sept-Îles,50.2,-66.38,-8.0,85,75,1.11,CA,1616325713
420,Tukums,56.97,23.16,4.0,70,40,6.17,LV,1616325713
421,Jalu,29.03,21.55,38.18,12,100,15.39,LY,1616325713
422,Fareydūnshahr,32.94,50.12,6.96,44,40,5.9,IR,1616325714
423,Øksfjord,70.24,22.35,-3.0,86,75,5.14,NO,1616325714
424,Kemin,42.78,75.69,5.52,88,100,2.58,KG,1616325714
425,Tingo María,-9.29,-76.01,19.98,98,98,0.34,PE,1616325714
426,Salamanca,40.83,-6.0,7.78,67,0,3.13,ES,1616325715
427,Fuerte Olimpo,-21.04,-57.87,24.16,87,85,1.7,PY,1616325715
428,Poltavka,54.37,71.76,0.07,92,99,6.39,RU,1616325716
429,Malatya Province,38.5,38.0,14.0,51,75,2.06,TR,1616325716
430,Bayān,29.3,48.05,30.0,12,0,3.09,KW,1616325716
431,São Marcos,-28.97,-51.07,21.11,85,99,2.24,BR,1616325716
432,Shetpe,44.17,52.12,6.35,72,99,5.14,KZ,1616325717
433,Kindu,-2.95,25.95,27.98,66,99,2.74,CD,1616325717
434,Padrauna,26.9,83.98,37.08,8,0,5.77,IN,1616325429
435,Kabalo,-6.05,26.92,31.17,55,75,2.24,CD,1616325717
436,Punto Fijo,11.7,-70.2,24.76,79,53,7.87,VE,1616325717
437,Anloga,5.79,0.9,33.0,58,20,5.66,GH,1616325448
438,Karpathos,35.51,27.21,18.0,77,40,7.72,GR,1616325718
439,Krosno Odrzańskie,52.05,15.1,5.0,43,100,6.0,PL,1616325718
440,Camabatela,-8.19,15.38,22.73,78,100,2.9,AO,1616325718
441,Trelew,-43.25,-65.31,13.08,76,0,4.49,AR,1616325719
442,Manhuaçu,-20.26,-42.03,20.68,88,26,0.63,BR,1616325719
443,Härnösand,62.63,17.94,3.0,41,40,12.35,SE,1616325719
444,Kokkola,63.84,23.13,0.56,59,0,9.26,FI,1616325719
445,Tucano,-10.96,-38.79,25.69,71,85,4.12,BR,1616325720
446,New Smyrna Beach,29.03,-80.93,12.0,94,90,5.14,US,1616325720
447,Tarko-Sale,64.92,77.78,-11.31,92,100,5.8,RU,1616325721
448,Coroatá,-4.13,-44.12,24.64,91,99,0.59,BR,1616325721
449,Gulu,2.77,32.3,32.11,30,100,3.69,UG,1616325721
450,Kumukh,42.17,47.12,0.88,90,87,1.62,RU,1616325722
451,Ewo,-0.87,14.82,23.77,84,100,0.99,CG,1616325722
452,Treinta y Tres,-33.23,-54.38,19.16,95,87,3.64,UY,1616325723
453,Urdoma,61.75,48.54,-5.0,86,99,4.45,RU,1616325723
454,Wexford,52.33,-6.46,12.22,66,75,5.14,IE,1616325723
455,Joshīmath,30.57,79.57,18.61,41,38,2.86,IN,1616325723
456,Nísia Floresta,-6.09,-35.21,27.0,88,20,3.6,BR,1616325724
457,Ürümqi,43.8,87.6,3.0,65,7,4.0,CN,1616325724
458,Saint-Georges,3.9,-51.8,24.09,94,2,0.15,GF,1616325724
459,Ngama,11.78,17.17,40.28,11,51,3.75,TD,1616325724
460,Arkhangelsk,64.54,40.54,-3.0,80,90,3.0,RU,1616325724
461,Grand Bank,47.1,-55.77,-1.0,74,40,3.09,CA,1616325725
462,Srirāmpur,22.95,88.02,35.0,34,40,2.06,IN,1616325725
463,Bam,29.11,58.36,24.59,8,0,3.26,IR,1616325725
464,Rehoboth,-23.32,17.08,28.57,35,3,2.59,NA,1616325618
465,Thouars,46.98,-0.22,7.22,1,86,0.89,FR,1616325726
466,Måløy,61.94,5.11,5.56,60,40,4.12,NO,1616325726
467,Iskateley,67.68,53.15,-9.85,90,64,4.67,RU,1616325726
468,Anzhero-Sudzhensk,56.08,86.03,2.0,64,75,8.0,RU,1616325727
469,Salinópolis,-0.61,-47.36,25.79,83,29,1.41,BR,1616325727
470,Nizāmābād,18.67,78.12,36.68,14,52,0.05,IN,1616325728
471,São João da Barra,-21.64,-41.05,27.0,78,20,1.52,BR,1616325728
472,Korla,41.76,86.15,11.16,27,0,0.95,CN,1616325728
473,Almeria,37.17,-2.33,16.0,33,0,4.63,ES,1616325729
474,Porto Nacional,-10.71,-48.42,25.0,88,20,2.06,BR,1616325729
475,Chachapoyas,-6.23,-77.87,10.36,95,100,0.11,PE,1616325729
476,Turki,51.99,43.27,-1.41,94,94,2.36,RU,1616325729
477,Wa,10.06,-2.5,35.2,34,49,2.41,GH,1616325519
478,Porosozero,62.72,32.73,0.03,88,93,3.82,RU,1616325731
479,Urengoy,65.97,78.37,-14.3,93,100,6.55,RU,1616325731
480,Širvintos,55.05,24.95,-0.56,86,90,6.17,LT,1616325731
481,Cayenne,4.93,-52.33,27.22,94,75,1.03,GF,1616325731
482,Dallas,32.77,-96.78,7.78,76,1,4.12,US,1616325731
483,Boden,65.83,21.69,1.0,47,0,11.32,SE,1616325732
484,Caconda,-13.73,15.07,24.53,59,98,1.46,AO,1616325732
485,Tallahassee,30.44,-84.28,12.0,71,90,2.57,US,1616325732
486,Valdez,1.25,-78.98,23.72,89,100,2.45,EC,1616325732
487,Verkhnyaya Inta,65.98,60.31,-6.47,87,100,3.77,RU,1616325733
488,Shorap’ani,42.09,43.09,10.0,71,90,3.09,GE,1616325734
489,Maua,0.23,37.94,22.74,59,66,2.74,KE,1616325734
490,Muros,42.78,-9.06,15.0,37,0,3.32,ES,1616325734
491,Najrān,17.49,44.13,30.0,17,0,2.57,SA,1616325734
492,Vazante,-17.99,-46.91,20.2,88,16,1.83,BR,1616325734
493,Barreirinha,-2.79,-57.07,23.01,96,41,0.65,BR,1616325735
494,Bereket,39.24,55.52,17.5,33,100,4.8,TM,1616325735
495,Aquiraz,-3.9,-38.39,25.0,94,90,5.14,BR,1616325735
496,Petlāwad,23.0,74.8,35.95,9,0,6.29,IN,1616325474
497,Pemba,-12.97,40.52,32.0,62,20,4.12,MZ,1616325736
498,Muravlenko,63.79,74.52,-10.22,92,100,4.28,RU,1616325736
499,Chaman,30.92,66.45,23.14,17,23,3.67,PK,1616325737
500,Mattru,7.62,-11.83,30.65,51,74,1.02,SL,1616325738
501,Paita,-5.09,-81.11,23.47,76,100,4.28,PE,1616325738
502,Richards Bay,-28.78,32.04,24.6,79,100,7.31,ZA,1616325738
503,Kashary,49.04,41.01,5.12,44,100,6.73,RU,1616325738
504,Kikwit,-5.04,18.82,31.47,53,100,2.16,CD,1616325739
505,Forestville,48.74,-69.08,3.0,70,0,11.32,CA,1616325739
506,Seminole,28.71,-81.21,12.22,87,90,5.66,US,1616325739
507,Rāvar,31.27,56.81,20.93,9,0,5.37,IR,1616325740
508,Sistranda,63.73,8.83,1.0,93,75,11.32,NO,1616325740
509,Atbasar,51.8,68.33,-1.51,89,100,6.91,KZ,1616325740
510,Impfondo,1.64,18.07,28.0,62,100,1.97,CG,1616325741
511,Lisiy Nos,60.02,30.02,4.0,70,75,8.0,RU,1616325741
512,Tabou,4.42,-7.35,29.64,67,70,2.25,CI,1616325741
513,Inhambane,-23.86,35.38,34.0,49,40,4.12,MZ,1616325741
514,Srīperumbūdūr,12.97,79.95,31.0,55,20,3.09,IN,1616325721
515,Senador José Porfírio,-2.59,-51.95,23.29,93,4,0.5,BR,1616325742
516,Carballo,43.21,-8.69,11.67,61,0,3.13,ES,1616325742
517,Minas,-34.38,-55.24,20.56,77,75,6.17,UY,1616325742
518,Salgueiro,-8.07,-39.12,24.26,70,57,5.53,BR,1616325742
519,Abu Kamal,34.45,40.92,25.43,18,0,1.79,SY,1616325743
520,Cockburn Town,24.03,-74.52,24.52,78,0,6.44,BS,1616325743
521,Jiwani,25.05,61.74,27.08,60,0,7.37,PK,1616325743
522,Cabrero,-37.03,-72.4,9.0,100,34,1.54,CL,1616325743
523,Kommunar,59.62,30.39,4.0,70,75,8.0,RU,1616325744
524,Alappuzha,9.49,76.33,29.55,69,41,5.64,IN,1616325744
525,Berlevåg,70.86,29.09,-0.51,73,100,10.68,NO,1616325744
526,Vallenar,-28.57,-70.76,12.73,78,0,0.21,CL,1616325744
527,Karoi,-16.81,29.69,25.8,59,1,2.99,ZW,1616325744
528,Meulaboh,4.14,96.13,27.92,80,79,2.33,ID,1616325745
529,Sindor,62.86,51.89,-6.12,81,97,4.19,RU,1616325745
530,Itacarambi,-15.1,-44.09,21.32,88,4,2.4,BR,1616325745
531,Kovernino,57.13,43.81,-2.31,82,85,5.0,RU,1616325745
532,Tsaratanana,-16.78,47.65,30.34,63,23,1.55,MG,1616325746
533,Bonavista,48.65,-53.11,-3.33,86,0,3.09,CA,1616325746
534,Agüimes,27.91,-15.45,19.44,59,75,9.26,ES,1616325746
535,São Sebastião,-23.76,-45.41,25.85,76,32,0.96,BR,1616325746
536,Ihosy,-22.4,46.12,26.82,65,27,1.98,MG,1616325746
537,Alakurtti,66.97,30.35,-0.56,79,100,4.02,RU,1616325747
538,Marsá Maţrūḩ,31.35,27.25,22.0,60,98,7.2,EG,1616325747
539,Kapiri Mposhi,-13.97,28.68,23.93,80,32,2.87,ZM,1616325747
540,Kismayo,-0.36,42.55,30.18,58,26,5.65,SO,1616325748
541,Octeville,49.63,-1.64,9.44,81,90,3.6,FR,1616325748
542,Saint-Ambroise,48.55,-71.33,-2.0,86,59,1.54,CA,1616325748
543,Mt. Pleasant,32.79,-79.86,9.0,93,90,2.57,US,1616325749
544,Iquique,-20.22,-70.14,17.0,67,0,1.54,CL,1616325749
545,Frunze,48.67,38.75,4.8,46,65,5.28,UA,1616325749
546,Myre,69.1,15.95,-0.56,80,75,12.35,NO,1616325749
547,Luleå,65.58,22.15,1.0,47,0,11.32,SE,1616325749
548,Ortigueira,-24.21,-50.95,20.19,97,50,0.91,BR,1616325750
549,Pasni,25.26,63.47,26.69,67,0,5.04,PK,1616325752
550,Lindi,-10.0,39.72,26.0,83,75,7.72,TZ,1616325752
551,Allonnes,47.97,0.16,7.0,87,90,2.32,FR,1616325752
552,Nuuk,64.18,-51.72,-4.0,93,90,5.14,GL,1616325753
553,Kuito,-12.38,16.93,23.0,64,20,2.06,AO,1616325753
554,Soyo,-6.13,12.37,30.0,74,75,1.54,AO,1616325753
555,Tombouctou,20.0,-3.0,28.74,6,78,2.36,ML,1616325753
556,Zabol,31.03,61.5,29.0,12,0,4.12,IR,1616325754
557,Remedios,8.23,-81.83,22.95,72,38,2.15,PA,1616325754
558,Nūh,28.12,77.02,34.0,20,20,3.09,IN,1616325754
559,Sinjār,36.32,41.88,18.99,32,0,3.29,IQ,1616325754
560,Noormarkku,61.59,21.87,2.0,55,75,10.8,FI,1616325754
561,Azángaro,-14.92,-70.22,2.76,95,94,1.43,PE,1616325755
562,Muscat,23.61,58.59,32.0,27,0,5.14,OM,1616325599
563,Kitob,39.08,66.83,15.0,44,20,5.14,UZ,1616325756
564,Sørland,67.67,12.69,-1.0,55,40,11.83,NO,1616325757
565,Naliya,23.27,68.83,32.1,34,0,7.9,IN,1616325757
566,Ørnes,66.87,13.71,-0.56,80,40,9.77,NO,1616325757
567,Saint-Augustin,51.23,-58.65,-12.4,83,1,2.11,CA,1616325757
568,Valladolid,41.58,-4.67,7.78,50,1,6.95,ES,1616325757
569,Dzaoudzi,-12.79,45.27,30.0,74,75,4.63,YT,1616325758
570,Marolambo,-20.05,48.12,27.88,68,74,2.31,MG,1616325758
571,Ardabil,38.25,48.29,14.0,38,20,3.09,IR,1616325758
572,Garh Maharaja,30.83,71.91,32.47,21,100,6.25,PK,1616325758
573,Bandarbeyla,9.49,50.81,27.86,55,58,4.81,SO,1616325759
574,Stellenbosch,-33.93,18.87,27.78,34,0,6.69,ZA,1616325759
575,Umm Kaddadah,13.6,26.69,39.38,8,59,7.83,SD,1616325759
576,Mandapam,9.28,79.12,28.37,70,0,2.66,IN,1616325759
577,Leshukonskoye,64.9,45.76,-6.0,90,100,4.29,RU,1616325760
578,Oriximiná,-1.77,-55.87,23.16,95,38,0.38,BR,1616325760
579,Humaitá,-7.51,-63.02,21.46,98,100,1.64,BR,1616325760
580,Ağdam,39.99,46.93,13.4,54,81,3.59,AZ,1616325760
581,Amboise,47.41,0.98,7.78,87,90,3.6,FR,1616325760
582,Colchester,41.99,-82.93,-3.0,80,0,1.03,CA,1616325761
583,Geraldton,-28.77,114.6,26.0,61,0,4.12,AU,1616325691
584,Murgab,37.5,61.97,19.0,39,0,4.12,TM,1616325761
585,Puerto Gaitán,4.31,-72.08,25.31,59,84,2.33,CO,1616325762
586,Tashtagol,52.77,87.89,1.51,99,100,0.99,RU,1616325762
587,Snihurivka,47.08,32.81,6.0,52,75,5.0,UA,1616325762
588,Bragança,-1.05,-46.77,25.51,83,2,1.0,BR,1616325763
589,Portree,57.41,-6.19,7.78,78,83,4.47,GB,1616325764
590,Departamento de Maldonado,-34.67,-54.92,20.56,77,75,6.17,UY,1616325764
591,Verkhnyaya Sinyachikha,57.98,61.67,-1.77,79,99,4.03,RU,1616325764
592,Santa Rita,10.54,-71.51,24.44,72,82,3.64,VE,1616325764
593,Basoko,1.24,23.62,20.76,97,100,2.06,CD,1616325764
594,Fatehpur,31.18,71.21,28.84,28,99,7.24,PK,1616325765
595,Sabha,27.04,14.43,31.33,6,0,9.65,LY,1616325765
596,Boralday,43.36,76.86,6.0,81,90,3.0,KZ,1616325765
597,Gumdag,39.21,54.59,18.05,32,100,4.7,TM,1616325765
598,Satipo,-11.25,-74.64,20.33,99,100,0.21,PE,1616325766
599,Hobyo,5.35,48.53,29.06,59,1,7.25,SO,1616325766
600,Chardara,41.25,67.97,16.39,45,39,3.88,KZ,1616325766
601,Don Benito,38.96,-5.86,12.22,36,0,4.02,ES,1616325766
602,Charagua,-19.8,-63.22,19.0,94,90,2.81,BO,1616325767
603,Udangudi,8.43,78.02,30.14,61,67,5.3,IN,1616325767
604,Marystown,47.17,-55.15,-1.51,83,98,4.39,CA,1616325768
605,Kirovsk,67.61,33.67,-1.11,88,99,1.64,RU,1616325768
606,Mabaruma,8.2,-59.78,22.56,86,4,1.22,GY,1616325768
607,Riorges,46.04,4.05,10.56,57,75,4.63,FR,1616325768
608,Rengo,-34.42,-70.87,9.0,87,16,1.03,CL,1616325769
609,Kayamkulam,9.18,76.5,29.89,65,26,4.06,IN,1616325769
610,Libreville,0.39,9.45,30.0,70,20,2.57,GA,1616325769
611,Horqueta,-23.34,-57.06,24.05,88,91,2.28,PY,1616325769
612,Manono,-7.3,27.42,31.69,53,5,1.55,CD,1616325769
613,Ellwangen,48.96,10.13,2.22,75,100,3.58,DE,1616325770
614,Montanha,-18.13,-40.36,24.08,86,50,2.61,BR,1616325770
615,Vytegra,61.01,36.45,-0.24,93,100,5.75,RU,1616325770
616,Chirkey,42.96,46.98,6.0,87,90,4.0,RU,1616325770
617,Baní,18.28,-70.33,23.33,82,6,1.34,DO,1616325771
618,Lys'va,58.11,57.81,-4.17,86,100,3.93,RU,1616325771
619,San Carlos del Zulia,9.0,-71.91,21.74,91,100,1.69,VE,1616325771
620,Puerto Colombia,10.99,-74.95,25.0,83,20,3.6,CO,1616325771
621,Havøysund,71.0,24.66,-3.0,86,75,3.6,NO,1616325771
622,Borba,-4.39,-59.59,22.38,98,100,1.19,BR,1616325772
623,San Andrés,12.58,-81.7,26.0,78,40,6.17,CO,1616325772
624,Muisne,0.6,-80.03,23.55,86,100,1.18,EC,1616325772
625,Tërny,50.98,33.98,3.19,45,46,8.32,UA,1616325772
626,Lobito,-12.35,13.55,28.1,74,80,4.21,AO,1616325773
627,Iralaya,15.0,-83.23,23.87,84,4,4.4,HN,1616325773
628,Lebedyan',53.02,39.17,-1.63,84,63,6.83,RU,1616325773
629,Santa Rita,-7.11,-34.98,27.0,83,20,3.6,BR,1616325773
630,Marietta,33.95,-84.55,8.0,66,90,3.09,US,1616325774
631,Mbanza-Ngungu,-5.25,14.87,25.93,75,96,3.15,CD,1616325774
632,Rundu,-17.93,19.77,30.28,40,19,4.8,NA,1616325775
633,Kalaiya,27.03,85.0,36.66,8,0,5.62,NP,1616325776
634,Orbetello,42.44,11.22,11.0,32,20,11.83,IT,1616325776
635,Berkåk,62.83,10.01,1.67,89,100,2.24,NO,1616325776
636,Curvelo,-18.76,-44.43,21.33,75,0,3.33,BR,1616325776
637,Gravdal,68.12,13.5,-1.0,55,40,11.83,NO,1616325777
638,Dejen,10.17,38.13,25.24,10,88,4.95,ET,1616325777
639,Venado Tuerto,-33.75,-61.97,14.44,99,0,2.68,AR,1616325778
640,Nsanje,-16.92,35.26,29.21,79,36,1.83,MW,1616325778
641,Aksarka,66.56,67.8,-20.46,94,100,3.23,RU,1616325779
642,Kalāleh,37.38,55.49,14.0,72,90,2.06,IR,1616325779
643,Bud,62.91,6.91,2.0,80,75,3.6,NO,1616325780
644,Totness,5.88,-56.32,25.31,82,13,3.52,SR,1616325780
645,Catumbela,-12.43,13.55,28.52,72,80,4.31,AO,1616325781
646,Wilmington,34.23,-77.94,8.89,87,90,7.2,US,1616325781
647,Eten,-6.91,-79.86,21.11,88,96,0.45,PE,1616325781
648,Sarkand,45.41,79.92,1.98,99,100,2.08,KZ,1616325781
649,Ayna,-12.65,-73.92,13.92,95,100,0.45,PE,1616325782
650,Maykor,59.01,55.88,-4.37,82,99,3.69,RU,1616325782
651,Gairo,-6.14,36.87,26.25,54,13,2.53,TZ,1616325782
652,Imbituba,-28.24,-48.67,27.0,83,40,7.2,BR,1616325782
653,Ponta Delgada,37.73,-25.67,15.0,77,75,4.12,PT,1616325783
654,Parambu,-6.21,-40.69,22.42,85,56,1.96,BR,1616325783
655,Seydişehir,37.42,31.85,16.07,44,0,4.46,TR,1616325783
656,Padang,-0.95,100.35,24.0,100,90,2.57,ID,1616325783
657,Mayor Pablo Lagerenza,-19.93,-60.77,23.14,85,83,1.35,PY,1616325784
658,Mazamari,-11.33,-74.53,20.5,99,100,0.25,PE,1616325784
659,Paramonga,-10.67,-77.83,20.08,86,79,2.29,PE,1616325784
660,Strezhevoy,60.73,77.59,-2.0,86,75,4.0,RU,1616325784
661,Vadsø,70.07,29.75,-1.0,74,20,8.75,NO,1616325784
662,Assiut,27.18,31.18,37.0,12,0,5.66,EG,1616325785
663,Viedma,-40.81,-63.0,12.38,71,0,1.87,AR,1616325785
664,São José da Coroa Grande,-8.9,-35.15,27.04,74,6,3.79,BR,1616325785
665,Bahía de Caráquez,-0.6,-80.42,24.0,88,75,1.03,EC,1616325785
666,Esmeralda,21.85,-78.12,21.0,94,20,3.09,CU,1616325786
667,Hukuntsi,-24.0,21.75,25.89,45,100,2.37,BW,1616325786
668,Zhirnovsk,50.98,44.77,-0.14,96,92,2.99,RU,1616325786
669,Mumford,5.26,-0.76,29.24,70,39,4.81,GH,1616325786
670,Mercedes,-34.65,-59.43,16.11,97,3,1.79,AR,1616325786
671,Dovers,12.88,-61.18,26.0,73,40,7.2,VC,1616325787
672,Cascais,38.7,-9.42,13.89,35,0,4.63,PT,1616325788
673,Stornoway,58.21,-6.39,9.0,61,75,3.6,GB,1616325788
674,Wajid,3.81,43.25,34.07,31,63,5.99,SO,1616325788
675,Nardaran,40.56,50.01,11.0,71,75,3.09,AZ,1616325788
676,Apatou,5.16,-54.35,23.17,96,23,0.4,GF,1616325788
677,Novo Aripuanã,-5.12,-60.38,22.05,98,100,1.49,BR,1616325789
678,Māngrol,21.12,70.12,29.97,51,0,6.64,IN,1616325789
679,Ibrā’,22.69,58.53,37.84,7,4,11.22,OM,1616325789
680,Stokmarknes,68.56,14.91,-2.22,76,100,3.13,NO,1616325789
681,Hualmay,-11.1,-77.61,20.34,82,75,2.65,PE,1616325790
682,Dongobesh,-4.07,35.38,23.49,44,27,4.35,TZ,1616325790
683,Barbate,36.19,-5.92,16.0,55,20,3.09,ES,1616325790
684,Ballina,54.12,-9.17,9.44,90,74,1.34,IE,1616325790
685,Oranjemund,-28.55,16.43,20.95,63,0,7.01,NA,1616325791
686,Conceição do Araguaia,-8.26,-49.26,22.0,94,0,0.51,BR,1616325791
687,Jega,12.22,4.38,38.8,11,52,1.11,NG,1616325791
688,Sharlyk,52.92,54.75,-3.22,82,100,3.4,RU,1616325792
689,Uthal,25.81,66.62,32.3,36,0,7.69,PK,1616325792
690,Manaus,-3.1,-60.02,24.0,94,75,0.51,BR,1616325792
691,Manjacaze,-24.71,33.88,32.71,42,3,1.92,MZ,1616325793
692,Addanki,15.82,79.98,34.37,28,3,6.92,IN,1616325569
693,Kimberley,-28.73,24.76,27.0,44,40,1.54,ZA,1616325793
694,Carbonia,39.17,8.52,12.78,40,40,3.09,IT,1616325793
695,Kremenki,54.88,37.13,1.0,47,0,6.0,RU,1616325793
696,Tshane,-24.02,21.87,27.11,41,98,1.86,BW,1616325794
697,Gwadar,25.12,62.33,27.87,57,0,6.35,PK,1616325795
698,Gazojak,41.19,61.4,16.13,33,1,5.77,TM,1616325795
699,Lapua,62.97,23.01,1.67,60,100,1.79,FI,1616325795
700,Pirna,50.96,13.94,5.56,94,100,6.51,DE,1616325795
701,Makhachkala,42.98,47.5,6.0,87,90,4.0,RU,1616325795
702,Tessalit,20.2,1.01,32.21,7,12,5.26,ML,1616325796
703,Tramandaí,-29.98,-50.13,22.95,92,100,2.12,BR,1616325796
704,Karwar,14.8,74.13,29.67,63,17,4.91,IN,1616325796
705,Kerman,30.28,57.08,23.0,9,40,8.23,IR,1616325796
706,Kharovsk,59.96,40.19,-4.6,92,100,5.81,RU,1616325797
707,Nikolayevka,53.13,47.2,-1.46,82,95,3.74,RU,1616325797
708,Mahibadhoo,3.78,72.97,28.56,70,62,4.24,MV,1616325798
709,Algiers,36.75,3.04,12.0,76,40,2.06,DZ,1616325624
710,Nevel',56.02,29.93,0.06,88,100,6.2,RU,1616325798
711,Jacqueville,5.21,-4.41,30.0,66,20,5.66,CI,1616325798
712,Titeşti,45.02,25.0,4.63,54,100,3.03,RO,1616325799
713,Waddān,29.16,16.14,32.46,7,0,9.76,LY,1616325799
714,Kargopol',61.51,38.95,-3.12,93,100,5.81,RU,1616325799
715,Vágur,61.47,-6.81,6.75,85,100,9.22,FO,1616325799
716,Rosário,-2.93,-44.23,27.0,89,0,2.57,BR,1616325799
717,Belomorsk,64.52,34.77,0.68,99,100,0.93,RU,1616325800
718,Tazmalt,36.39,4.4,9.9,67,74,4.28,DZ,1616325800
719,Ālampur,15.88,78.15,38.52,10,21,1.31,IN,1616325801
720,Deep River,46.1,-77.5,-6.0,86,1,1.7,CA,1616325801
721,Nadym,65.53,72.52,-15.83,91,100,4.65,RU,1616325801
722,Robertson,-33.8,19.89,23.82,38,1,4.17,ZA,1616325802
723,Quepos,9.42,-84.17,20.0,77,20,8.23,CR,1616325802
724,Staryy Nadym,65.61,72.68,-16.04,91,100,4.65,RU,1616325803
725,Shādegān,30.65,48.66,31.0,11,0,5.14,IR,1616325803
726,Ichhāwar,23.02,77.02,34.28,14,57,3.01,IN,1616325803
727,Sovetskiy,61.36,63.58,-9.57,87,100,2.94,RU,1616325803
728,Lauria,40.05,15.84,3.34,95,100,4.82,IT,1616325803
729,Takoradze,4.88,-1.76,30.53,65,27,3.17,GH,1616325804
730,Jacareacanga,-6.22,-57.75,22.52,98,100,0.5,BR,1616325804
731,Samaná,19.21,-69.34,20.0,94,20,1.29,DO,1616325804
732,Zdvinsk,54.7,78.66,0.43,88,90,7.29,RU,1616325805
733,Bezhanitsy,56.98,29.89,0.8,91,100,6.31,RU,1616325805
734,Ocean City,39.28,-74.57,2.22,93,1,1.93,US,1616325806
735,Ulundi,-28.34,31.42,23.14,72,100,4.28,ZA,1616325806
736,Al Bardīyah,31.76,25.09,27.85,37,96,4.73,LY,1616325807
737,Serenje,-13.23,30.24,23.08,84,14,2.54,ZM,1616325808
738,Bloemfontein,-29.12,26.21,23.0,49,40,2.06,ZA,1616325681
739,Atasū,48.68,71.64,0.91,100,65,4.62,KZ,1616325809
740,Quelimane,-17.88,36.89,30.56,70,75,1.03,MZ,1616325809
741,Várzea da Palma,-17.6,-44.73,22.1,78,2,1.51,BR,1616325809
742,Havre-St-Pierre,50.23,-63.6,-9.0,92,40,3.6,CA,1616325809
743,Santa Rosa,-36.62,-64.28,11.73,67,0,0.98,AR,1616325810
744,Kangaba,11.93,-8.42,31.84,41,93,3.61,ML,1616325810
745,Sajószöged,47.95,21.0,6.0,39,0,3.09,HU,1616325810
746,Aswān,24.09,32.91,40.65,8,0,4.62,EG,1616325810
747,Kamuli,0.95,33.12,32.95,31,37,2.8,UG,1616325811
748,Luau,-10.71,22.22,29.2,61,79,0.23,AO,1616325811
749,Ureki,42.0,41.78,10.0,87,75,1.54,GE,1616325811
750,Belyy Yar,53.6,91.39,5.0,56,100,3.0,RU,1616325811
751,Simav,39.09,28.98,16.0,44,0,3.6,TR,1616325812
752,Nālūt,30.33,10.85,20.86,27,0,6.18,LY,1616325812
753,Salinas,-2.22,-80.97,25.0,83,0,2.06,EC,1616325812
754,Kulhudhuffushi,6.62,73.07,28.92,67,91,3.42,MV,1616325812
755,Maun,-19.98,23.42,31.0,51,40,2.06,BW,1616325812
756,Santa Lucía,27.91,-15.54,19.44,59,75,9.26,ES,1616325813
757,Panguipulli,-39.63,-72.33,2.0,100,90,1.31,CL,1616325814
758,Meylan,45.22,5.79,7.78,42,0,6.69,FR,1616325814
759,Bonfim,3.08,-59.95,24.45,70,59,3.75,BR,1616325814
760,Bozovici,44.94,22.0,6.11,70,75,1.54,RO,1616325814
761,Libenge,3.65,18.63,25.33,74,100,1.26,CD,1616325814
762,Władysławowo,54.79,18.4,4.44,93,75,6.69,PL,1616325815
763,Dosso,13.05,3.19,37.78,9,30,3.15,NE,1616325815
